Source;Category;Definition;Link
Marrakech Partnership for Global Climate Action Types;Marrakech Partnership for Global Climate Action, Action Types;"The Marrakech Partnership for Global Climate Action utilizes a structured approach to facilitate climate action among various stakeholders, aiming to support the goals of the Paris Agreement and the 2030 Agenda for Sustainable Development. This approach involves categorizing climate action into specific ""Action Areas"" or ""Action Types."" These include sectors and themes like energy, industry, human settlements, water, oceans and coastal zones, transport, forests, agriculture, and health. Each area involves distinct strategies and actions tailored to its unique challenges and opportunities in contributing to a climate-resilient future.";https://unfccc.int/climate-action/marrakech-partnership-for-global-climate-action
Marrakech Partnership for Global Climate Action Types;Climate risk and vulnerability assessments, disclosure and monitoring actions;This category focuses on conducting thorough assessments of climate risks and vulnerabilities. It involves the disclosure of these assessments and continuous monitoring to inform and guide climate resilience strategies. The goal is to understand and communicate the extent of climate risks to better prepare and adapt to climatic changes.;https://unfccc.int/climate-action/marrakech-partnership-for-global-climate-action
Marrakech Partnership for Global Climate Action Types;Access to early warning systems and development of early actions;Establishes advanced warning systems to foresee and act before extreme or slow-evolving climatic events occur, developing rapid and efficient response capabilities at various levels.;https://unfccc.int/climate-action/marrakech-partnership-for-global-climate-action
Marrakech Partnership for Global Climate Action Types;Preparedness with contingency plans and emergency response;Integrates climate risk and vulnerability analysis into national emergency preparedness and response strategies, aiming to equip nations for handling and mitigating climatic disasters.;https://unfccc.int/climate-action/marrakech-partnership-for-global-climate-action
Marrakech Partnership for Global Climate Action Types;Establishment of effective governance to manage climate risks accompanied by human and institutional capacity-building;Encourages inclusive climate risk management in policy and action planning at all levels, with a focus on the most vulnerable and marginalized groups.;https://unfccc.int/climate-action/marrakech-partnership-for-global-climate-action
Marrakech Partnership for Global Climate Action Types;Nature-based solutions used to reduce risks;Promotes ecological and sustainable solutions in planning policies and practices, like ecosystem conservation and natural habitat restoration, to mitigate climate impacts.;https://unfccc.int/climate-action/marrakech-partnership-for-global-climate-action
Marrakech Partnership for Global Climate Action Types;Climate-proofing of infrastructure and services;Adapts and strengthens infrastructures and services to be resilient to climate risks, including updating building codes and engineering practices.;https://unfccc.int/climate-action/marrakech-partnership-for-global-climate-action
Marrakech Partnership for Global Climate Action Types;Risk transfer: insurance and social protection instruments;Develops insurance and social protection mechanisms responsive to climate risks to protect vulnerable and poor populations from extreme climatic events.;https://unfccc.int/climate-action/marrakech-partnership-for-global-climate-action
Marrakech Partnership for Global Climate Action Types;Sharing of knowledge and best practices on climate risk management;Promotes the exchange of strategies for effective and sustainable climate risk management, focusing on increasing climate resilience.;https://unfccc.int/climate-action/marrakech-partnership-for-global-climate-action
Marrakech Partnership for Global Climate Action Types;Increase in the volume, quality and access of public and private finance to invest in resilience;Boosts financial resources for climate adaptation and resilience projects, focusing on mobilizing public and private investments.;https://unfccc.int/climate-action/marrakech-partnership-for-global-climate-action
Permaculture Action;Permaculture Action;"In permaculture flower: The ""flower of permaculture"" is a diagrammatic representation that illustrates the various facets and applications of permaculture principles. It's often used to visualize the holistic, interconnected nature of permaculture practices, encompassing areas such as land use and planning, natural building, technology and energy systems, education and culture, health and spiritual well-being, finance and economics, and land tenure and community governance. Permaculture itself is based on a methodology that emphasizes the creation of sustainable and self-sufficient agricultural ecosystems. It is guided by three core ethics.";https://permacultureprinciples.com/flower/
Permaculture Action;Forest gardening;Producing food from trees, perennial and annual plants in a system that mimics a natural forest;https://permacultureprinciples.com/flower/
Permaculture Action;Seed saving;Collecting and storing seeds, often with the aim of maintaining certain strains.;https://permacultureprinciples.com/flower/
Permaculture Action;Organic agriculture;Commercial agriculture that uses natural fertilisers and pest control methods.;https://permacultureprinciples.com/flower/
Permaculture Action;Biodynamics;A system of organic agriculture and gardening based on the work of Rudolf Steiner;https://permacultureprinciples.com/flower/
Permaculture Action;Natural farming;A Japanese system of organic agriculture involving minimal or no use of tillage and animal manures, most notably associated with Masanobu Fukuoka;https://permacultureprinciples.com/flower/
Permaculture Action;Keyline water harvesting;A system of landscape analysis, water harvesting and soil development using dams, channels and soil condition ploughing, developed by P.A.Yeomans.;https://permacultureprinciples.com/flower/
Permaculture Action;Wholistic rangeland management;A system that uses intensive rotational grazing of livestock to sustainably manage land and provide animal yields, developed and taught by Allan Savory;https://permacultureprinciples.com/flower/
Permaculture Action;Natural sequence farming;A system of gabions, revegetation, and swales, to restore health and productivity of floodplains, developed by Peter Andrews;https://permacultureprinciples.com/flower/
Permaculture Action;Agroforestry;Integrated production of pastures and/or crops with timber and/or tree crops;https://permacultureprinciples.com/flower/
Permaculture Action;Nature-based forestry;Sustainable forestry that uses mixed species, long rotations, minimal impact harvesting and natural regeneration in wild and planted timber forests;https://permacultureprinciples.com/flower/
Permaculture Action;Integrated aquaculture;Aquatic systems that provide most of the food for harvested fish and/or other animals.;https://permacultureprinciples.com/flower/
Permaculture Action;Wild harvesting & hunting;Gathering food and other yields from wild plants and animals.;https://permacultureprinciples.com/flower/
Permaculture Action;Gleaning;Gathering of food wasted by commercial production.;https://permacultureprinciples.com/flower/
Permaculture Action;Passive solar design;Sun oriented glazing and shading, thermal mass, passive venting.;https://permacultureprinciples.com/flower/
Permaculture Action;Natural construction materials; Earth, strawbale, lime plaster, round pole, stone.;https://permacultureprinciples.com/flower/
Permaculture Action;Water harvesting & waste reuse;Water tanks, compost toilets and reedbeds.;https://permacultureprinciples.com/flower/
Permaculture Action;Biotechture; The manipulation of tree form to grow structures and buildings.;https://permacultureprinciples.com/flower/
Permaculture Action;Earth sheltered construction; “Earthships” and other designs that build into the ground.;https://permacultureprinciples.com/flower/
Permaculture Action;Natural disaster resistant construction; Bushfire, wind, flood & earthquake.;https://permacultureprinciples.com/flower/
Permaculture Action;Owner building; Empowerment and financial autonomy of residents and communities in constructing their own housing using accessible technologies and materials;https://permacultureprinciples.com/flower/
Permaculture Action;Pattern Language; Organic design theory and tools of Christopher Alexander;https://permacultureprinciples.com/flower/
Permaculture Action;Reuse & creative recycling; Decentralised and context specific reuse of materials through craft, rather than centralised industrial processes;https://permacultureprinciples.com/flower/
Permaculture Action;Hand tools; Recovery and maintenance of traditional tools and skills.;https://permacultureprinciples.com/flower/
Permaculture Action;Bicycles & electric bikes; Human powered and assisted transport that improves the efficiency of the human body.;https://permacultureprinciples.com/flower/
Permaculture Action;Efficient & low pollution wood stoves; Rocket and other stove designs using simple materials and local construction.;https://permacultureprinciples.com/flower/
Permaculture Action;Fuels from organic wastes; Bio-diesel, methanol, biogas and wood gas for local cooking, electricity and transport.;https://permacultureprinciples.com/flower/
Permaculture Action;Wood gasification; Efficient and carbon neutral fuel for local electric power and vehicle transport.;https://permacultureprinciples.com/flower/
Permaculture Action;Bio-char from forest wastes; Charcoal soil improver and carbon capture.;https://permacultureprinciples.com/flower/
Permaculture Action;Co-generation; Use of fuel to generate electricity and provide heat for on-site use.;https://permacultureprinciples.com/flower/
Permaculture Action;Micro-hydro & small scale wind; Simple renewable technologies for remote and local grid power.;https://permacultureprinciples.com/flower/
Permaculture Action;Grid-tied renewable power generation; Use of the electric grid as a “battery” for localised power generation.;https://permacultureprinciples.com/flower/
Permaculture Action;Energy storage; Heat banks, pumped storage (water), compressed air, and other simple temporary stores of energy.;https://permacultureprinciples.com/flower/
Permaculture Action;Transition engineering; Re-localisation of the maintenance, retrofit and redesign of infrastructure and technology.;https://permacultureprinciples.com/flower/
Permaculture Action;Home Schooling;Parents as natural teachers of children within the household economy.;https://permacultureprinciples.com/flower/
Permaculture Action;Waldorf education; Schools based on the educational methods of Rudolf Steiner.;https://permacultureprinciples.com/flower/
Permaculture Action;Participatory arts & music; Reclaiming our place as actors/musicians rather than spectators.;https://permacultureprinciples.com/flower/
Permaculture Action;Social ecology; Philosophy focused on the redesign of society using ecological principles.;https://permacultureprinciples.com/flower/
Permaculture Action;Action learning; A reflective process of progressive problem solving that accepts the observer as a part of the system being studied.;https://permacultureprinciples.com/flower/
Permaculture Action;Transition culture; An evolving exploration of the head, heart and hand of energy descent.;https://permacultureprinciples.com/flower/
Permaculture Action;Home birth & breast feeding; Reclaiming birth and infant nutrition as part of the economy of nature and the household.;https://permacultureprinciples.com/flower/
Permaculture Action;Complementary & wholistic medicine; A wide spectrum of approaches to health care outside of conventional allopathic medicine.;https://permacultureprinciples.com/flower/
Permaculture Action;Spirit of place, indigenous cultural revival; Reconnection of spiritual and cultural values to place and “country”.;https://permacultureprinciples.com/flower/
Permaculture Action;Yoga, Tai Chi & other body/mind/spirit disciplines; The maintenance of health through regular designed exercises based on eastern traditions.;https://permacultureprinciples.com/flower/
Permaculture Action;Dying with dignity; Movement to reclaim dying from institutionalised medicine.;https://permacultureprinciples.com/flower/
Permaculture Action;Farmers markets & community supported agriculture (CSA); Direct connection and contracting between producers and consumers without the middlemen.;https://permacultureprinciples.com/flower/
Permaculture Action;Tradable energy quotas; A parallel currency to allow equitable distribution and trade of the right to consume and pollute.;https://permacultureprinciples.com/flower/
Permaculture Action;Life cycle analysis & ’emergy’ accounting; Wholistic methods for measuring the full costs and benefits of existing and new technologies and economies.;https://permacultureprinciples.com/flower/
Permaculture Action;Local & regional currencies; Interest-free money systems that serve a defined and limited territory.;https://permacultureprinciples.com/flower/
Permaculture Action;Carpooling, ride sharing & car share; Rebuilding community by more efficient use of existing cars and roads.;https://permacultureprinciples.com/flower/
Permaculture Action;Ethical investment & fair trade; Using the power of investment and consumption to drive equitable economies.;https://permacultureprinciples.com/flower/
Permaculture Action;WWOOFing & similar networks; Voluntary exchange of work for food, accommodation and experience of ecological living.;https://permacultureprinciples.com/flower/
Permaculture Action;Cooperatives & Body Corporates; Legal structures for collective ownership and management of land, buildings and other assets.;https://permacultureprinciples.com/flower/
Permaculture Action;Cohousing & Ecovillages; Ecologically designed communities where residents are bound together by some degree of shared ownership and organisation.;https://permacultureprinciples.com/flower/
Permaculture Action;Open Space Technology & Consensus Decision Making; Collaborative tools for sharing knowledge and reaching decisions.;https://permacultureprinciples.com/flower/
Permaculture Action;Native Title & traditional use rights; Traditional ways of non-exclusive use of land and resources, recognised in law.;https://permacultureprinciples.com/flower/
Permaculture Action;Bio-intensive gardening;Use of compost, double digging, companion planting and natural pest control to produce the maximum amount of food in the minimum area.;https://permacultureprinciples.com/flower/
Permaculture Domain;Permaculture Flower;"The ""flower of permaculture"" is a diagrammatic representation that illustrates the various facets and applications of permaculture principles. It's often used to visualize the holistic, interconnected nature of permaculture practices, encompassing areas such as land use and planning, natural building, technology and energy systems, education and culture, health and spiritual well-being, finance and economics, and land tenure and community governance. Permaculture itself is based on a methodology that emphasizes the creation of sustainable and self-sufficient agricultural ecosystems. It is guided by three core ethics.";https://permacultureprinciples.com/flower/
Permaculture Domain;Land and Nature Stewardship;Permaculture begins with understanding nature, working with rather than against her;https://permacultureprinciples.com/flower/
Permaculture Domain;Building;Infrastructure that can enhance our way of life while minimising long-term impact;https://permacultureprinciples.com/flower/
Permaculture Domain;Tools and Technology;Human ingenuity used to transform energy from our environment to more useful resources;https://permacultureprinciples.com/flower/
Permaculture Domain;Education and Culture;Redefining how we learn by becoming more active and encouraging creativity;https://permacultureprinciples.com/flower/
Permaculture Domain;Health and Spiritual Well-Being;Taking more personal responsibility for our own well-being;https://permacultureprinciples.com/flower/
Permaculture Domain;Finances and Economics;Alternative exchange systems reduce reliance on the fragile monetary economy;https://permacultureprinciples.com/flower/
Permaculture Domain;Land Tenure and Community Governance;Develop new ways to provide access to land and govern our communities;https://permacultureprinciples.com/flower/
RtR Resilience Action Cluster;Resilience Action Clusters;Resilience Action Clusters serve to identify and categorise actions focused on building climate resilience. These emerged from a collaboration between different actors, originating in the collection of resilience actions from the Marrakech Partnership (Global Climate Action, 2021), the consulting firm Carbon Disclosure Project (CDP, 2022), and the IPCC Action List (IPCC, 2021). These actions were classified into 29 categories, the “Resilience Action Clusters”, which were validated by the campaign's Methodology Advisory Group (MAG). Resilience actions clusters usually include a combination of adaptation and response measures, as well as capacity building and awareness raising actions.;
RtR Resilience Action Cluster;Monitoring and mapping of risks and vulnerabilities;This action cluster involves the collection and analysis of geospatial and socioeconomic information to identify areas and populations that are most exposed to climate risks. It also involves evaluating the vulnerability of these groups, considering factors such as economic capacity, available infrastructure, and social conditions. The results are presented in the form of thematic maps and other visual formats to facilitate decision-making and planning of adaptation and mitigation interventions.;https://drive.google.com/file/d/1ScMwMjT3lusiB0c8tYYlb_dpki4YgOpk/view
RtR Resilience Action Cluster;Climate services and modelling;This action cluster focuses on the development and application of climate models that allow the generation of projections and future scenarios of climate and its impacts. These models help decision-makers, planners, and other actors anticipate changes in climate conditions, such as temperature, precipitation, and extreme events, and adapt their strategies and actions accordingly;https://drive.google.com/file/d/1ScMwMjT3lusiB0c8tYYlb_dpki4YgOpk/view
RtR Resilience Action Cluster;Data generation and processing;This action cluster comprises the collection of relevant data for climate resilience, such as meteorological, hydrological, demographic, and socioeconomic data. It also includes the analysis of this data using statistical, geospatial, and machine learning techniques to identify patterns, trends, and relationships that can inform adaptation and mitigation actions. Additionally, this Cluster Action involves the distribution and communication of analysis results through open data platforms, reports, and other information channels;https://drive.google.com/file/d/1ScMwMjT3lusiB0c8tYYlb_dpki4YgOpk/view
RtR Resilience Action Cluster;Early warning systems;This Cluster Action refers to the implementation of systems that constantly monitor environmental and climatic conditions and issue alerts when extreme events, such as storms, ﬂoods, or droughts, are detected. These systems can be based on remote sensors, weather stations, climate models, and other sources of information. Early warnings allow communities and authorities to prepare and take preventive measures before a disaster occurs, thus reducing human and material damage and losses.;https://drive.google.com/file/d/1ScMwMjT3lusiB0c8tYYlb_dpki4YgOpk/view
RtR Resilience Action Cluster;Emergency preparedness;This action cluster addresses the need to develop contingency and preparedness plans to deal with climate disasters. This includes identifying roles and responsibilities of the involved actors, allocating resources, and deﬁning action protocols in case of emergency. It also involves training personnel and communities in response and recovery techniques, such as evacuation, search and rescue, and ﬁrst aid. Emergency preparedness is essential to minimize the impacts of climate disasters and ensure a rapid and effective response.;https://drive.google.com/file/d/1ScMwMjT3lusiB0c8tYYlb_dpki4YgOpk/view
RtR Resilience Action Cluster;Environmental governance and resource management systems;This action cluster addresses the implementation of policies, practices, and sustainable management systems for natural resources, such as water, soil, forests, and biodiversity. Environmental governance also involves promoting collaboration and coordination among different levels of government, the private sector, civil society, and local communities in decision-making and the implementation of resource management actions.;https://drive.google.com/file/d/1ScMwMjT3lusiB0c8tYYlb_dpki4YgOpk/view
RtR Resilience Action Cluster;Environmental laws and regulatory framework;This action cluster focuses on the creation, updating, and application of laws and regulations that protect the environment, promote climate change adaptation, and foster sustainable practices. These laws and regulations can address issues such as natural resource management, pollution, biodiversity conservation, and land use planning;https://drive.google.com/file/d/1ScMwMjT3lusiB0c8tYYlb_dpki4YgOpk/view
RtR Resilience Action Cluster;Building regulations and standards for climate resilience;This action cluster involves the development and implementation of regulations and standards that ensure buildings are climate-resilient. These standards may include requirements for energy efﬁciency, the use of climate-resistant materials, adaptation to extreme weather events, and land use planning to reduce exposure to climate risks. Regulations and standards can also promote the adoption of sustainable building practices and the integration of nature-based solutions in the built environment.;https://drive.google.com/file/d/1ScMwMjT3lusiB0c8tYYlb_dpki4YgOpk/view
RtR Resilience Action Cluster;Protected areas and property rights definitions;This action cluster consists of establishing and managing protected areas, such as national parks, nature reserves, and Ramsar sites, to conserve biodiversity and maintain ecosystem services. It also involves clarifying and ensuring property and usage rights of natural resources, including the rights of indigenous and local communities, to facilitate sustainable management and conservation of these resources;https://drive.google.com/file/d/1ScMwMjT3lusiB0c8tYYlb_dpki4YgOpk/view
RtR Resilience Action Cluster;Institutional-led climate adaptation planning processes;This action cluster refers to the design and implementation of strategies and plans for climate adaptation at different levels of government (national, regional, and local). These plans identify vulnerabilities, climate risks, and priority actions to increase the resilience of communities, infrastructure, and ecosystems. Adaptation planning also includes monitoring and evaluating implemented actions and updating strategies as conditions change and new information becomes available;https://drive.google.com/file/d/1ScMwMjT3lusiB0c8tYYlb_dpki4YgOpk/view
RtR Resilience Action Cluster;Measures to improve air quality and reduce pollution;This action cluster addresses the implementation of policies, technologies, and practices to reduce emissions of air pollutants, such as ﬁne particles, nitrogen oxides, and volatile organic compounds. These measures include promoting public and non-motorized transportation, adopting clean technologies in industry and energy generation, and enacting air quality and emissions standards.;https://drive.google.com/file/d/1ScMwMjT3lusiB0c8tYYlb_dpki4YgOpk/view
RtR Resilience Action Cluster;Green infrastructure and other engineered nature-based solutions;This action cluster focuses on the design and implementation of infrastructure that uses natural systems to improve climate resilience and provide additional environmental beneﬁts. Examples of green infrastructure include artiﬁcial wetlands for stormwater management, green roofs to reduce urban heat island effects, and natural barriers such as mangroves and dunes to protect against coastal ﬂooding and erosion.;https://drive.google.com/file/d/1ScMwMjT3lusiB0c8tYYlb_dpki4YgOpk/view
RtR Resilience Action Cluster;Conservation and restoration of terrestrial and aquatic ecosystems;This action cluster is centered on protecting and recovering terrestrial and aquatic ecosystems, such as forests, wetlands, coral reefs, and seagrasses, to ensure their ability to provide ecosystem services and contribute to climate resilience. Conservation and restoration actions may include reforestation, revegetation, habitat rehabilitation, protection of critical areas for biodiversity, and sustainable management of natural resources.;https://drive.google.com/file/d/1ScMwMjT3lusiB0c8tYYlb_dpki4YgOpk/view
RtR Resilience Action Cluster;Critical Infrastructure and Protective Systems;This action cluster focuses on the design, construction, and maintenance of critical infrastructure, such as hospitals, schools, roads, and electrical grids, that are resilient to climate impacts. This involves incorporating climate considerations into the planning, design, and construction of infrastructure, as well as its maintenance and updating. Additionally, this action cluster may include strengthening protective systems, such as ﬂood barriers and levees, to reduce the impacts of extreme climate events on critical infrastructure.;https://drive.google.com/file/d/1ScMwMjT3lusiB0c8tYYlb_dpki4YgOpk/view
RtR Resilience Action Cluster;Coastal Infrastructure Protection;This action cluster addresses the implementation of measures to protect coastal infrastructure from extreme climate events and sea level rise. These measures may include building coastal protection infrastructure such as seawalls, breakwaters, and containment walls, as well as adopting nature-based solutions such as restoring coastal mangroves and dunes. It also involves coastal land-use planning and relocating infrastructure and communities in high-risk areas.;https://drive.google.com/file/d/1ScMwMjT3lusiB0c8tYYlb_dpki4YgOpk/view
RtR Resilience Action Cluster;Energy efficiency and renewable energy technologies;This action cluster promotes and implements technologies and practices that reduce energy consumption and increase the use of renewable energy sources such as solar, wind, hydroelectric, and biomass. Actions in this area may include implementing energy efﬁciency standards for buildings, promoting efﬁcient heating and cooling systems, and investing in infrastructure and policies for renewable energy generation and distribution.;https://drive.google.com/file/d/1ScMwMjT3lusiB0c8tYYlb_dpki4YgOpk/view
RtR Resilience Action Cluster;Water security and quality;Implementation of measures to ensure availability, quality, and access to water in the context of climate change, including water resource management, storage and distribution infrastructure, and water treatment and puriﬁcation technologies.;https://drive.google.com/file/d/1ScMwMjT3lusiB0c8tYYlb_dpki4YgOpk/view
RtR Resilience Action Cluster;Health services;This action cluster focuses on strengthening and adapting healthcare systems to face the challenges and risks associated with climate change, such as the spread of infectious diseases, increasing extreme weather events, and their impacts on mental and physical health. Actions in this area may include training healthcare professionals on climate change-related topics, improving healthcare infrastructure to withstand extreme weather events, and implementing surveillance and response systems for infectious and emerging diseases.;https://drive.google.com/file/d/1ScMwMjT3lusiB0c8tYYlb_dpki4YgOpk/view
RtR Resilience Action Cluster;Food security and sustainable services;This action cluster addresses the implementation of practices and technologies that ensure the availability, access, and stability of nutritious and culturally appropriate foods, while promoting sustainability in the production, distribution, and consumption of food. Actions may include promoting resilient local food systems, implementing sustainable agricultural practices, and reducing food loss and waste throughout the supply chain.;https://drive.google.com/file/d/1ScMwMjT3lusiB0c8tYYlb_dpki4YgOpk/view
RtR Resilience Action Cluster;Social protection actions;This action cluster focuses on implementing social protection programs and policies, such as cash transfers, training, and technical assistance, that help vulnerable communities to face and adapt to the impacts of climate change. These actions may include temporary employment programs in ecosystem restoration, training in resilient agricultural practices, and community early warning systems.;https://drive.google.com/file/d/1ScMwMjT3lusiB0c8tYYlb_dpki4YgOpk/view
RtR Resilience Action Cluster;Climate insurance and risk transfer;This action cluster focuses on the development and implementation of ﬁnancial mechanisms, such as insurance and risk transfer products, that help vulnerable communities and sectors to face and recover from the economic impacts of climate change. These mechanisms may include climate index-based insurance for farmers and ﬁshers, contingency funds for disasters, and ﬁnancing mechanisms for post-disaster recovery and reconstruction.;https://drive.google.com/file/d/1ScMwMjT3lusiB0c8tYYlb_dpki4YgOpk/view
RtR Resilience Action Cluster;Actions in agricultural, livestock, forestry, and aquaculture practices;This action cluster promotes and implements sustainable and resilient practices in these sectors, such as crop diversiﬁcation, agroforestry systems, soil conservation practices, and sustainable management of ﬁshery resources. Actions may include adopting efﬁcient irrigation technologies, promoting agroecological practices, sustainable pasture management, and implementing monitoring and control systems for ﬁsheries to prevent overexploitation and ensure the sustainability of ﬁshery resources.;https://drive.google.com/file/d/1ScMwMjT3lusiB0c8tYYlb_dpki4YgOpk/view
RtR Resilience Action Cluster;Community-based inclusive and participatory risk reduction;This action cluster aims to strengthen the capacity of local communities to identify, evaluate, and address climate risks in an inclusive and participatory manner, considering the needs and perspectives of different population groups. Actions may include implementing community workshops, creating local risk management committees, and promoting the participation of women, youth, and marginalized groups in decision-making.;https://drive.google.com/file/d/1ScMwMjT3lusiB0c8tYYlb_dpki4YgOpk/view
RtR Resilience Action Cluster;Climate hazard communication, information, and technology awareness;This action cluster focuses on the development and implementation of communication and education strategies and tools that help communities understand and address climate risks. Actions may include awareness campaigns, environmental and climate education programs, and the use of media and information technologies to disseminate information on risks and adaptation measures.;https://drive.google.com/file/d/1ScMwMjT3lusiB0c8tYYlb_dpki4YgOpk/view
RtR Resilience Action Cluster;Building knowledge for resilience;This action cluster promotes and implements research, training, and skill-building activities that strengthen the capacity of communities and other actors to cope with and adapt to climate change. Actions may include conducting case studies, developing courses and training programs, and establishing research and training centers on climate resilience.;https://drive.google.com/file/d/1ScMwMjT3lusiB0c8tYYlb_dpki4YgOpk/view
RtR Resilience Action Cluster;Research and collaboration actions;This action cluster fosters cooperation and knowledge exchange among institutions, sectors, and countries on climate resilience, including the development of joint projects and collaboration networks. Actions may include the creation of exchange platforms and forums, holding thematic conferences and events, and promoting partnerships among public, private, and civil society entities.;https://drive.google.com/file/d/1ScMwMjT3lusiB0c8tYYlb_dpki4YgOpk/view
RtR Resilience Action Cluster;Diversiffication of livelihoods and social economy;This action cluster supports the diversiﬁcation of income sources and the promotion of sustainable and climate-resilient economic activities, including the creation and strengthening of cooperatives, micro-enterprises, and other forms of community economic organization. Actions may include training in entrepreneurship and business management, access to ﬁnancing and technical assistance, and the promotion of local markets and sustainable value chains.;https://drive.google.com/file/d/1ScMwMjT3lusiB0c8tYYlb_dpki4YgOpk/view
RtR Resilience Action Cluster;Financial tools and investments in case of climate disasters;This action cluster focuses on the development and implementation of ﬁnancial instruments and investment strategies that help communities, businesses, and governments to mobilize resources for recovery and reconstruction after climate disasters, such as emergency funds, lines of credit, and green bonds. Actions may include the creation of speciﬁc ﬁnancing mechanisms, the promotion of public and private investments in resilient infrastructure, and the integration of climate resilience criteria in project evaluation.;https://drive.google.com/file/d/1ScMwMjT3lusiB0c8tYYlb_dpki4YgOpk/view
RtR Resilience Action Cluster;Economic incentives;This action cluster focuses on the establishment of economic incentives that promote the adoption of climate-resilient practices and technologies and the conservation of natural resources. These incentives may include subsidies, tax credits, and ecosystem service payment systems, among others. In addition, they may include the design and implementation of payment for ecosystem service systems that reward landowners and local communities for the protection and restoration of key ecosystems, such as forests, wetlands, and mangroves, which contribute to climate resilience and provide environmental and social beneﬁts.;https://drive.google.com/file/d/1ScMwMjT3lusiB0c8tYYlb_dpki4YgOpk/view
RtR Resilience Attributes (RA);Preparedness and planning;This skill refers to the ability to anticipate, prepare for and proactively manage change and uncertainty.;https://drive.google.com/file/d/1M_1xSqTGVwwn4jfiV4Cg9EFSccys1MBR/view
RtR Resilience Attributes (RA);Learning;This capacity involves the generation, assimilation and processing of new information and knowledge specifically linked to climate change adaptation and uncertainty management.;https://drive.google.com/file/d/1M_1xSqTGVwwn4jfiV4Cg9EFSccys1MBR/view
RtR Resilience Attributes (RA);Agency;Agency refers to the ability of an individual, system or community to exercise free choice in response to environmental change or other challenges.;https://drive.google.com/file/d/1M_1xSqTGVwwn4jfiV4Cg9EFSccys1MBR/view
RtR Resilience Attributes (RA);Social Collaboration;Social collaboration embodies the capacity for self-organization and coordinated collective action, fostering a cooperative approach and combined efforts that elevate resilience.;https://drive.google.com/file/d/1M_1xSqTGVwwn4jfiV4Cg9EFSccys1MBR/view
RtR Resilience Attributes (RA);Flexibility;Flexibility is a capacity that refers to the ability to switch between different coping and adaptive strategies, based on new information and ongoing assessments.;https://drive.google.com/file/d/1M_1xSqTGVwwn4jfiV4Cg9EFSccys1MBR/view
RtR Resilience Attributes (RA);Equity;Capacity of ensuring fair and equitable access to resources, respecting fundamental equal rights in decision-making, and incorporating all affected stakeholders in decision-making processes.;https://drive.google.com/file/d/1M_1xSqTGVwwn4jfiV4Cg9EFSccys1MBR/view
RtR Resilience Attributes (RA);Assets;Assets represent the ability to access natural, financial, infrastructure, technological and service resources in times of need.;https://drive.google.com/file/d/1M_1xSqTGVwwn4jfiV4Cg9EFSccys1MBR/view
RtR Resilience Attributes (RA);Resilience Attributes;Resilience Attributes are critical qualities enabling systems to withstand, adapt, and recover from adverse conditions. The identification and definition of these attributes and corresponding sub-categories were the result of an exhaustive collaborative process involving a literature review and expert consultations including the Race to Resilience's Methodological Advisory Group and stakeholders from the Resilience Knowledge Coalition. They serve as a predictive measure of resilience, aiding in the design, supervision, and initial assessment of resilient action. In this sense, interventions that positively impact these attributes are seen to improve the capacity of climate-vulnerable beneficiaries to respond to and adapt to changes. Within the context of the RtR's Metrics Framework, Resilience Attributes constitute the depth metrics, representing the qualitative dimension of the index that measures the increased resilience resulting from our partner's efforts.;https://drive.google.com/file/d/1M_1xSqTGVwwn4jfiV4Cg9EFSccys1MBR/view
RtR Resilience Attributes Subcategory (SubRA);Preparedness;This skill focuses on the ability to anticipate and prepare for situations of change and uncertainty. It involves not only the implementation of responses, warning systems, and action protocols, but also the early identification of potential threats. It is the competence to recognize the hazard, interpret its imminent proximity, and know how to act appropriately and effectively in the face of it. This preparedness not only mitigates the impact of threats, but can also provide opportunities for adaptation and growth in times of challenge.;https://drive.google.com/file/d/1M_1xSqTGVwwn4jfiV4Cg9EFSccys1MBR/view
RtR Resilience Attributes Subcategory (SubRA);Planning;This skill emphasizes the ability to develop short, medium, and long-term strategies that manage change and uncertainty, promoting continuous adaptation to climate change. Planning is a critical process that facilitates the generation of a resilient vision for the future. This approach includes establishing long-term perspectives, taking into account both current and future trends, creating more adaptive and collaborative methods that encourage the participation and engagement of various stakeholders, as well as the clear definition of desirable conditions for conservation and sustainable use of natural resources. This forward planning process aids in anticipating and preparing effective responses to situations of change and challenge.;https://drive.google.com/file/d/1M_1xSqTGVwwn4jfiV4Cg9EFSccys1MBR/view
RtR Resilience Attributes Subcategory (SubRA);Experiential learning;This capacity refers to the ability to learn from past experiences and failures, avoiding repeating mistakes and encouraging greater caution in future decisions. Transformative or experiential learning is a process in which problematic frames of reference are reconfigured to make them more inclusive, open and reflective with the intention of changing the scenario and thus building resilience. Therefore, this type of learning becomes a vital tool for the growth and development of stronger and more enduring resilience.;https://drive.google.com/file/d/1M_1xSqTGVwwn4jfiV4Cg9EFSccys1MBR/view
RtR Resilience Attributes Subcategory (SubRA);Educational learning;This type of learning involves the generation, absorption and processing of new information and knowledge focused on climate change adaptation and uncertainty management. This process is characterized by its dynamism and constant evolution, which allows for the continuous incorporation and application of new information. Educational learning is not limited to the classroom, but also occurs through interaction with the community, participation in research projects and field work. Environmental education can be a strategy for educational learning, involving the development of analytical and critical skills to understand the complexity of climate change and its consequences.;https://drive.google.com/file/d/1M_1xSqTGVwwn4jfiV4Cg9EFSccys1MBR/view
RtR Resilience Attributes Subcategory (SubRA);Autonomy;The ability of an individual, system or community to independently make decisions and take actions in response to challenges or changes. This ability promotes more personalized and effective adaptation to specific circumstances, resulting in greater resilience.;https://drive.google.com/file/d/1M_1xSqTGVwwn4jfiV4Cg9EFSccys1MBR/view
RtR Resilience Attributes Subcategory (SubRA);Leadership;This capacity involves the ability to influence, guide and motivate others to achieve common goals in times of adversity. This skill requires not only the ability to make strategic decisions at critical moments, but also the skill to inspire trust, cohesion and action in others. Effective leadership can mobilize resources, foster collaboration, and lead recovery efforts in ways that overcome adversity and promote resilience.;https://drive.google.com/file/d/1M_1xSqTGVwwn4jfiV4Cg9EFSccys1MBR/view
RtR Resilience Attributes Subcategory (SubRA);Decision Making;This capacity refers to the ability to choose among different options in response to changes or challenges. This skill involves evaluating possible actions and their consequences, as well as choosing and executing a course of action. Effective decision making is critical to a timely and effective response to challenges, and can make the difference between failure and overcoming adversity. Sound judgment, the ability to make decisions under pressure, and the ability to learn from mistakes are key aspects of this subcategory of agency. These skills promote successful adaptation and recovery from adversity, which increases resilience.;https://drive.google.com/file/d/1M_1xSqTGVwwn4jfiV4Cg9EFSccys1MBR/view
RtR Resilience Attributes Subcategory (SubRA);Collective Participation;Collective participation is a vital aspect of resilience, enabling the mobilization of individuals and groups towards common goals. It fosters social cohesion and drives collaborative action, particularly in response to challenges like climate change. By promoting collective participation, communities strengthen their bonds, foster shared ownership and solidarity, and empower individuals to work together for the greater good.;https://drive.google.com/file/d/1M_1xSqTGVwwn4jfiV4Cg9EFSccys1MBR/view
RtR Resilience Attributes Subcategory (SubRA);Connectivity;This refers to the quality, depth, and strength of social relationships within a system or community. Enhanced connectivity creates a responsive, well-informed network that can rapidly disseminate vital information and resources, facilitate mutual support, and collectively implement strategies to deal with crisis situations.;https://drive.google.com/file/d/1M_1xSqTGVwwn4jfiV4Cg9EFSccys1MBR/view
RtR Resilience Attributes Subcategory (SubRA);Coordination;This refers to the ability to organize and align various elements, be they leaders, departments, or organizations, towards achieving shared goals. Effective coordination enhances the efficiency of crisis response, promotes the spirit of unity, fosters effective cooperation, and thereby fortifies resilience.;https://drive.google.com/file/d/1M_1xSqTGVwwn4jfiV4Cg9EFSccys1MBR/view
RtR Resilience Attributes Subcategory (SubRA);Diversity;Diversity refers to the ability to maintain multiple adaptive strategies, which ensures an effective response to a variety of climatic situations or adversities. It promotes resilience by providing a variety of tools and approaches to deal with challenges.;https://drive.google.com/file/d/1M_1xSqTGVwwn4jfiV4Cg9EFSccys1MBR/view
RtR Resilience Attributes Subcategory (SubRA);Redundancy;Redundancy involves maintaining copies of key strategies to ensure continuity of critical functions, even in cases of failures or outages. Although redundancy may seem inefficient in times of normalcy, it can be crucial for survival and recovery during and after adversity.;https://drive.google.com/file/d/1M_1xSqTGVwwn4jfiV4Cg9EFSccys1MBR/view
RtR Resilience Attributes Subcategory (SubRA);Distributive equity;The ability to ensure fair and equitable distribution and access to resources. In the context of resilience, it is critical to ensure that the benefits and costs of adaptation and recovery strategies are shared fairly and that no one is excluded or left behind.;https://drive.google.com/file/d/1M_1xSqTGVwwn4jfiV4Cg9EFSccys1MBR/view
RtR Resilience Attributes Subcategory (SubRA);Equity Access;The capacity to incorporate and integrate all affected actors and discourses into decision-making processes. Inclusiveness is crucial to ensure that decisions made are representative of the needs and aspirations of all stakeholders.;https://drive.google.com/file/d/1M_1xSqTGVwwn4jfiV4Cg9EFSccys1MBR/view
RtR Resilience Attributes Subcategory (SubRA);Finance;Finance refers to the capacity to access, manage and effectively use financial resources. The robustness of internal funding, i.e., funds generated and managed within the community or system, is often more significant than external funding sources.;https://drive.google.com/file/d/1M_1xSqTGVwwn4jfiV4Cg9EFSccys1MBR/view
RtR Resilience Attributes Subcategory (SubRA);Infrastructure;Infrastructure encompasses the physical and systematic facilities that are essential to the functioning and well-being of a community or society. Ensuring the resilience of infrastructure is critical, as these facilities act as platforms that can absorb and withstand catastrophes.;https://drive.google.com/file/d/1M_1xSqTGVwwn4jfiV4Cg9EFSccys1MBR/view
RtR Resilience Attributes Subcategory (SubRA);Natural Resources;The effective management and use of natural resources is fundamental to the life and well-being of communities and ecosystems. Sustainable management of natural resources ensures their long-term availability and enables adaptation and recovery in the face of climate shocks.;https://drive.google.com/file/d/1M_1xSqTGVwwn4jfiV4Cg9EFSccys1MBR/view
RtR Resilience Attributes Subcategory (SubRA);Technologies;Access to and use of appropriate technologies can significantly facilitate adaptation to climate change. These tools can contribute to building more resilient and sustainable systems.;https://drive.google.com/file/d/1M_1xSqTGVwwn4jfiV4Cg9EFSccys1MBR/view
RtR Resilience Attributes Subcategory (SubRA);Basic services;Access to a wide range of services is a crucial component of supporting climate change adaptation. A resilient system ensures that these services remain accessible and functional during shocks, ensuring the well-being of the community.;https://drive.google.com/file/d/1M_1xSqTGVwwn4jfiV4Cg9EFSccys1MBR/view
Sharm-El-Sheikh Adaptation Agenda (SAA) ;Sharm El Sheikh Adaptation Agenda (SAA);The Sharm-El-Sheikh Adaptation Agenda has emerged as a critical initiative to tackle global climate change issues. This agenda was established after COP27 in 2022 and sets out Global 2030 Adaptation Outcome Targets.;https://climatechampions.unfccc.int/wp-content/uploads/2024/01/Sharm-El-Sheikh-Adaptation-Agenda-2023-Implementation-Report.pdf
Sharm-El-Sheikh Adaptation Agenda (SAA) ;Coastal and Oceanic Systems;These are the marine ecosystems along the coast and in the ocean, including coral reefs, mangroves, fishing communities, and coastal urban areas. These systems are highly susceptible to the impacts of climate change, such as sea level rise, ocean acidification, and extreme weather events.;https://climatechampions.unfccc.int/wp-content/uploads/2024/01/Sharm-El-Sheikh-Adaptation-Agenda-2023-Implementation-Report.pdf
Sharm-El-Sheikh Adaptation Agenda (SAA) ;Cross-cutting Enabler: Finance;Planning and financing are essential to understanding the impacts of climate change across different systems, making informed decisions, and allocating resources to implement and accelerate adaptation.;https://climatechampions.unfccc.int/wp-content/uploads/2024/01/Sharm-El-Sheikh-Adaptation-Agenda-2023-Implementation-Report.pdf
Sharm-El-Sheikh Adaptation Agenda (SAA) ;Cross-cutting Enabler: Planning;Planning and financing are essential to understanding the impacts of climate change across different systems, making informed decisions, and allocating resources to implement and accelerate adaptation.;https://climatechampions.unfccc.int/wp-content/uploads/2024/01/Sharm-El-Sheikh-Adaptation-Agenda-2023-Implementation-Report.pdf
Sharm-El-Sheikh Adaptation Agenda (SAA) ;Food and Agriculture Systems;Refer to the entire process of producing, processing, distributing, and consuming food and agricultural products, including the impact on food security, nutrition and health, social equity, and the economy.;https://climatechampions.unfccc.int/wp-content/uploads/2024/01/Sharm-El-Sheikh-Adaptation-Agenda-2023-Implementation-Report.pdf
Sharm-El-Sheikh Adaptation Agenda (SAA) ;Health systems;Health Systems;https://climatechampions.unfccc.int/wp-content/uploads/2024/01/Sharm-El-Sheikh-Adaptation-Agenda-2023-Implementation-Report.pdf
Sharm-El-Sheikh Adaptation Agenda (SAA) ;Human Settlements Systems;These are the constructed environments where people live, work and play, including urban, suburban and rural areas. Human settlements are vulnerable to the impacts of climate change, including sea level rise, increased heat, and extreme weather events.;https://climatechampions.unfccc.int/wp-content/uploads/2024/01/Sharm-El-Sheikh-Adaptation-Agenda-2023-Implementation-Report.pdf
Sharm-El-Sheikh Adaptation Agenda (SAA) ;Infrastructure Systems;These are the critical systems that support human activity, such as energy and transportation systems. Climate change can cause disruptions to these systems, such as damage to hydroelectric power or rail assets caused by flooding, or changes in demand caused by heat waves.;https://climatechampions.unfccc.int/wp-content/uploads/2024/01/Sharm-El-Sheikh-Adaptation-Agenda-2023-Implementation-Report.pdf
Sharm-El-Sheikh Adaptation Agenda (SAA) ;Water and Nature Systems;Encompass the interrelated ecological and hydrological systems, including agricultural land, wilderness areas, and rural communities, and their impact on biodiversity, water resources, and the functioning of wastewater systems.;https://climatechampions.unfccc.int/wp-content/uploads/2024/01/Sharm-El-Sheikh-Adaptation-Agenda-2023-Implementation-Report.pdf
Loss and Damage (L&D);Anticipatory and disaster risk reduction;Anticipatory, humanitarian response as well as disaster risk management actions after losses and damages, from extreme events followed by longer term resilience-building to reduce future losses and damages;https://climatechampions.unfccc.int/wp-content/uploads/2023/04/Actions-After-Impacts_-Accelerating-Action-by-non-State-actors-to-address-climate-losses-and-damages-FINAL-corrected.pdf
Loss and Damage (L&D);Access and coverage of insurance;Access to, and coverage of insurance including premiums subsidies, regional risk pools and parametric schemes;https://climatechampions.unfccc.int/wp-content/uploads/2023/04/Actions-After-Impacts_-Accelerating-Action-by-non-State-actors-to-address-climate-losses-and-damages-FINAL-corrected.pdf
Loss and Damage (L&D);Social, cultural and biodiversity actions;Social, cultural, health and biodiversity actions to address non economic climate losses and damages;https://climatechampions.unfccc.int/wp-content/uploads/2023/04/Actions-After-Impacts_-Accelerating-Action-by-non-State-actors-to-address-climate-losses-and-damages-FINAL-corrected.pdf
Loss and Damage (L&D);Model and valuing;Model and value climate losses and damages;https://climatechampions.unfccc.int/wp-content/uploads/2023/04/Actions-After-Impacts_-Accelerating-Action-by-non-State-actors-to-address-climate-losses-and-damages-FINAL-corrected.pdf
Loss and Damage (L&D);Litigation;Litigation of a third party for losses & damages they have caused;https://climatechampions.unfccc.int/wp-content/uploads/2023/04/Actions-After-Impacts_-Accelerating-Action-by-non-State-actors-to-address-climate-losses-and-damages-FINAL-corrected.pdf
Loss and Damage (L&D);Human mobility;Human mobility and migration;https://climatechampions.unfccc.int/wp-content/uploads/2023/04/Actions-After-Impacts_-Accelerating-Action-by-non-State-actors-to-address-climate-losses-and-damages-FINAL-corrected.pdf
Loss and Damage (L&D);Livelihoods diversification;Change in peoples’ livelihoods and diversification of jobs and income sources;https://climatechampions.unfccc.int/wp-content/uploads/2023/04/Actions-After-Impacts_-Accelerating-Action-by-non-State-actors-to-address-climate-losses-and-damages-FINAL-corrected.pdf
Loss and Damage (L&D);Social protection and safety nets;Social protection and safety nets;https://climatechampions.unfccc.int/wp-content/uploads/2023/04/Actions-After-Impacts_-Accelerating-Action-by-non-State-actors-to-address-climate-losses-and-damages-FINAL-corrected.pdf
Loss and Damage (L&D);Business recovery & continuity;Business continuity and recovery plans;https://climatechampions.unfccc.int/wp-content/uploads/2023/04/Actions-After-Impacts_-Accelerating-Action-by-non-State-actors-to-address-climate-losses-and-damages-FINAL-corrected.pdf
Loss and Damage (L&D);Knowledge and Guidance;Generating knowledge and best practices on how to address losses and damages;https://climatechampions.unfccc.int/wp-content/uploads/2023/04/Actions-After-Impacts_-Accelerating-Action-by-non-State-actors-to-address-climate-losses-and-damages-FINAL-corrected.pdf
Vulnable Groups;Vulnerable Groups ;Populations that exhibit heightened exposure and sensitivity to climate change impacts and diminished adaptive capacity (Poloczanska & Romero, 2023).;https://drive.google.com/file/d/1I8NRL25iqiTuK6NBQl4kD4ZV7aWncw-t/view
Vulnable Groups;Intersectional Vulnerability;Vulnerability should be understood through an intersectional lens that acknowledges the interplay of multiple social variables, considers power relations and societal structures, and recognizes that vulnerability factors are context-specific, interrelated, and dynamic (Kuran et al., 2020).;https://drive.google.com/file/d/1I8NRL25iqiTuK6NBQl4kD4ZV7aWncw-t/view
Vulnable Groups;Women and Girls;Individuals who identify as female, often considered in the context of addressing gender-specific challenges, inequalities, and opportunities.;https://drive.google.com/file/d/1I8NRL25iqiTuK6NBQl4kD4ZV7aWncw-t/view
Vulnable Groups;LGBTQIA+;Individuals who identify as lesbian, gay, bisexual, transgender, queer or questioning, intersex, asexual, or others, reflecting diverse sexual orientations and gender identities.;https://drive.google.com/file/d/1I8NRL25iqiTuK6NBQl4kD4ZV7aWncw-t/view
Vulnable Groups;Elderly;Older adults, typically considered to be those aged 60 or above, who may face unique challenges related to health, mobility, and societal inclusion.;https://drive.google.com/file/d/1I8NRL25iqiTuK6NBQl4kD4ZV7aWncw-t/view
Vulnable Groups;Children and Youth;Individuals under 18 (children) and young adults under 35, often emphasized for their developmental needs, potential, and role as future leaders.;https://drive.google.com/file/d/1I8NRL25iqiTuK6NBQl4kD4ZV7aWncw-t/view
Vulnable Groups;Disabled;People with physical, sensory, intellectual, or mental impairments that may interact with societal barriers, affecting their full participation in society.;https://drive.google.com/file/d/1I8NRL25iqiTuK6NBQl4kD4ZV7aWncw-t/view
Vulnable Groups;Indigenous or Traditional Communities;Groups rooted in longstanding cultural traditions, often tied to specific geographical regions, with unique knowledge, practices, and worldviews.;https://drive.google.com/file/d/1I8NRL25iqiTuK6NBQl4kD4ZV7aWncw-t/view
Vulnable Groups;Racial, Ethnic, and/or Religious Minorities;Groups distinguished by race, ethnicity, or religion that may face systemic marginalization or discrimination.;https://drive.google.com/file/d/1I8NRL25iqiTuK6NBQl4kD4ZV7aWncw-t/view
Vulnable Groups;Refugees;Individuals who have fled their countries due to conflict, persecution, or other threats, seeking safety and protection elsewhere.;https://drive.google.com/file/d/1I8NRL25iqiTuK6NBQl4kD4ZV7aWncw-t/view
Vulnable Groups;Low-Income Communities;Groups or populations facing economic hardship, often with limited access to resources, opportunities, and basic services.;https://drive.google.com/file/d/1I8NRL25iqiTuK6NBQl4kD4ZV7aWncw-t/view
Locally Lead Adaptation Principles;Addressing structural inequalities faced by women, youth, children, people with disabilities, people who are displaced, Indigenous Peoples and marginalized ethnic groups;Integrating gender-based, economic and political inequalities that are root causes of vulnerability into the core of adaptation action and encouraging vulnerable and marginalized individuals to meaningfully participate in and lead adaptation decisions;https://drive.google.com/file/d/1mxFNayD9zs8X28kgirLF7diK7yGQSB42/view?usp=sharing
Locally Lead Adaptation Principles;Building a robust understanding of climate risk and uncertainty;Informing adaptation decisions through a combination of local, traditional, Indigenous, generational and scientific knowledge that can enable resilience under a range of future climate scenarios;https://drive.google.com/file/d/1mxFNayD9zs8X28kgirLF7diK7yGQSB42/view?usp=sharing
Locally Lead Adaptation Principles;Collaborative action and investment;Collaboration across sectors, initiatives and levels to ensure that different initiatives and different sources of funding (humanitarian assistance, development, disaster risk reduction, green recovery funds, etc.) support each other, and their activities avoid duplication to enhance efficiencies and good practice;https://drive.google.com/file/d/1mxFNayD9zs8X28kgirLF7diK7yGQSB42/view?usp=sharing
Locally Lead Adaptation Principles;Devolving decision making to the lowest appropriate level;"Giving local institutions and communities more direct access to finance and decision-making power over how adaptation actions are defined, prioritized, designed, implemented; how progress is monitored and how success is evaluated.";https://drive.google.com/file/d/1mxFNayD9zs8X28kgirLF7diK7yGQSB42/view?usp=sharing
Locally Lead Adaptation Principles;Ensuring transparency and accountability;Making processes of financing, designing and delivering programs more transparent and accountable downward to local stakeholders;https://drive.google.com/file/d/1mxFNayD9zs8X28kgirLF7diK7yGQSB42/view?usp=sharing
Locally Lead Adaptation Principles;Flexible programming and learning;Enabling adaptive management to address the inherent uncertainty in adaptation, especially through robust monitoring and learning systems and flexible finance and programming.;https://drive.google.com/file/d/1mxFNayD9zs8X28kgirLF7diK7yGQSB42/view?usp=sharing
Locally Lead Adaptation Principles;Investing in local capabilities to leave an institutional legacy;Improving the capabilities of local institutions to ensure they can understand climate risks and uncertainties, generate solutions and facilitate and manage adaptation initiatives over the long term without being dependent on project-based donor funding;https://drive.google.com/file/d/1mxFNayD9zs8X28kgirLF7diK7yGQSB42/view?usp=sharing
Locally Lead Adaptation Principles;Providing patient and predictable funding that can be accessed more easily;Supporting long-term development of local governance processes, capacity and institutions through simpler access modalities, as well as longer term and more predictable funding horizons to ensure that communities can effectively implement adaptation actions;https://drive.google.com/file/d/1mxFNayD9zs8X28kgirLF7diK7yGQSB42/view?usp=sharing
